<application>
  <component name="MaterialThemeConfig">
    <option name="compactMenus" value="true" />
    <option name="compactStatusBar" value="true" />
    <option name="compactTables" value="true" />
    <option name="highlightColorEnabled" value="true" />
    <option name="compactDropdowns" value="true" />
    <option name="compactSidebar" value="true" />
    <option name="isHighlightColorEnabled" value="true" />
    <option name="isCompactMenus" value="true" />
    <option name="isCompactStatusBar" value="true" />
    <option name="isCompactTables" value="true" />
    <option name="isWizardShown" value="true" />
    <option name="pristineConfig" value="false" />
    <option name="treeFontSize" value="6" />
    <option name="highlightThickness" value="1" />
    <option name="indicatorThickness" value="1" />
    <option name="tabsHeight" value="17" />
    <option name="accentColor" value="ff79c5" />
    <option name="selectedTheme" value="DRACULA" />
    <option name="userId" value="36460641:179a80d7fe3:-8000" />
    <option name="version" value="5.5.0" />
  </component>
</application>