<application>
  <component name="ProjectManager">
    <defaultProject>
      <component name="AutoImportSettings">
        <option name="autoReloadType" value="SELECTIVE" />
      </component>
      <component name="MavenImportPreferences">
        <option name="generalSettings">
          <MavenGeneralSettings>
            <option name="localRepository" value="D:\Maven\repository" />
            <option name="mavenHome" value="D:/Maven/apache-maven-3.8.1" />
            <option name="userSettingsFile" value="D:\Maven\apache-maven-3.8.1\conf\settings.xml" />
          </MavenGeneralSettings>
        </option>
      </component>
      <component name="ProjectViewState">
        <option name="hideEmptyMiddlePackages" value="true" />
        <option name="showLibraryContents" value="true" />
      </component>
      <component name="PropertiesComponent">
        <property name="android.sdk.path" value="D:/AndroidSDK" />
        <property name="settings.editor.selected.configurable" value="MavenSettings" />
      </component>
      <component name="SvnConfiguration">
        <configuration>C:\Users\Sobev\AppData\Roaming\Subversion</configuration>
      </component>
    </defaultProject>
  </component>
</application>