<application>
  <component name="AppStorage">
    <option name="newTranslationDialogHeight" value="446" />
    <option name="newTranslationDialogWidth" value="789" />
    <option name="newTranslationDialogX" value="570" />
    <option name="newTranslationDialogY" value="390" />
    <histories>
      <item value="MIPS" />
      <item value="cloudlet" />
      <item value="垂直" />
      <item value="mutate" />
      <item value="precedence" />
      <item value="prec" />
      <item value="pre" />
      <item value="p're" />
      <item value="HIGHEST PRECEDENCE" />
      <item value="HIGHEST_PRECEDENCE" />
      <item value="Object factory for any Resource conforming to the JavaBean spec." />
      <item value="portfolio" />
      <item value="missing semester" />
      <item value="missing semeste" />
      <item value="miss" />
      <item value="完善" />
      <item value="频道" />
      <item value="区域" />
      <item value="职业病增长速度" />
      <item value="增长速度" />
      <item value="增粘速度" />
      <item value="Prevalence" />
      <item value="患病率Prevalence" />
      <item value="患病率" />
      <item value="huan'bing'lü" />
      <item value="累计" />
      <item value="shelve" />
      <item value="shelv" />
      <item value="she'lüe" />
      <item value="regulary" />
      <item value="reglary" />
      <item value="re" />
      <item value="患病" />
      <item value="增长速率" />
      <item value="增长su" />
      <item value="合计" />
      <item value="deprecated" />
      <item value="de" />
      <item value="折线图" />
      <item value="zhe'xian" />
      <item value="Actually, this is true of complex &quot;fluent&quot; APIs in general. The combination of complex single statements, heavy use of generics, and lack of intermediate variables conspire to produce confusing error messages and frustrate debugging. Instead of &quot;this method doesn't have an overload for type X&quot; you get an error message closer to &quot;somewhere you messed up the types, but we don't know where or how.&quot; Similarly, you can't step through and examine things in a debugger as easily as when the code is broken into multiple statements, and intermediate values are saved to variables. Finally, reading the code and understanding the types and behavior at each stage of execution may be non-trivial." />
      <item value="偏离比" />
      <item value="偏离bi" />
      <item value="pi'a" />
      <item value="manifest" />
      <item value="delegate&#10;" />
      <item value="delegate" />
      <item value="coalesce" />
      <item value="regulatory" />
      <item value="regula" />
    </histories>
    <option name="languageScores">
      <map>
        <entry key="CHINESE" value="639" />
        <entry key="ENGLISH" value="570" />
      </map>
    </option>
  </component>
  <component name="Cache">
    <option name="lastTrimTime" value="1650380586825" />
  </component>
  <component name="Settings">
    <option name="googleTranslateSettings">
      <google-translate>
        <option name="useTranslateGoogleCom" value="true" />
      </google-translate>
    </option>
  </component>
</application>