<keymap version="1" name="Windows copy Proper Redo" parent="$default">
  <action id="$Redo">
    <keyboard-shortcut first-keystroke="shift ctrl z" />
    <keyboard-shortcut first-keystroke="shift alt back_space" />
    <keyboard-shortcut first-keystroke="ctrl y" />
  </action>
  <action id="EditorDeleteLine" />
  <action id="javadoc.generatorAll">
    <keyboard-shortcut first-keystroke="shift meta back_slash" />
    <keyboard-shortcut first-keystroke="ctrl alt back_slash" />
  </action>
</keymap>