<application>
  <component name="easyJavadoc">
    <option name="appId" value="" />
    <option name="author" value="luojx" />
    <option name="classTemplateConfig">
      <TemplateConfig>
        <option name="isDefault" value="false" />
      </TemplateConfig>
    </option>
    <option name="genAllClass" value="false" />
    <option name="genAllField" value="true" />
    <option name="genAllInnerClass" value="false" />
    <option name="genAllMethod" value="false" />
    <option name="methodReturnType" value="code" />
    <option name="secretId" value="" />
    <option name="secretKey" value="" />
    <option name="simpleFieldDoc" value="true" />
    <option name="token" value="" />
    <option name="wordMap">
      <map>
        <entry key="fuck" value="欧气" />
      </map>
    </option>
  </component>
</application>