<application>
  <component name="FileTypeManager" version="18">
    <extensionMap>
      <mapping pattern="mybatis-config.xml" type="AUTO_DETECTED" />
      <mapping ext="space.kts" type="Kotlin" />
      <mapping ext="gradle.kts" type="Kotlin" />
      <mapping ext="main.kts" type="Kotlin" />
      <mapping pattern=".trigger-file" type="PLAIN_TEXT" />
      <mapping ext="exe" type="PLAIN_TEXT" />
      <removed_mapping ext="apk" approved="true" type="ARCHIVE" />
      <removed_mapping pattern="RiskDiseaseMapper" approved="true" type="AUTO_DETECTED" />
      <removed_mapping pattern="RiskDiseaseMapper.xml" approved="true" type="AUTO_DETECTED" />
    </extensionMap>
  </component>
</application>