<application>
  <component name="ProjectJdkTable">
    <jdk version="2">
      <name value="11" />
      <type value="JavaSDK" />
      <version value="version 11" />
      <homePath value="D:/JavaAppsNeeded" />
      <roots>
        <annotationsPath>
          <root type="composite">
            <root url="jar://$APPLICATION_HOME_DIR$/plugins/java/lib/jdkAnnotations.jar!/" type="simple" />
          </root>
        </annotationsPath>
        <classPath>
          <root type="composite">
            <root url="jrt://D:/JavaAppsNeeded!/java.base" type="simple" />
            <root url="jrt://D:/JavaAppsNeeded!/java.compiler" type="simple" />
            <root url="jrt://D:/JavaAppsNeeded!/java.datatransfer" type="simple" />
            <root url="jrt://D:/JavaAppsNeeded!/java.desktop" type="simple" />
            <root url="jrt://D:/JavaAppsNeeded!/java.instrument" type="simple" />
            <root url="jrt://D:/JavaAppsNeeded!/java.logging" type="simple" />
            <root url="jrt://D:/JavaAppsNeeded!/java.management" type="simple" />
            <root url="jrt://D:/JavaAppsNeeded!/java.management.rmi" type="simple" />
            <root url="jrt://D:/JavaAppsNeeded!/java.naming" type="simple" />
            <root url="jrt://D:/JavaAppsNeeded!/java.net.http" type="simple" />
            <root url="jrt://D:/JavaAppsNeeded!/java.prefs" type="simple" />
            <root url="jrt://D:/JavaAppsNeeded!/java.rmi" type="simple" />
            <root url="jrt://D:/JavaAppsNeeded!/java.scripting" type="simple" />
            <root url="jrt://D:/JavaAppsNeeded!/java.se" type="simple" />
            <root url="jrt://D:/JavaAppsNeeded!/java.security.jgss" type="simple" />
            <root url="jrt://D:/JavaAppsNeeded!/java.security.sasl" type="simple" />
            <root url="jrt://D:/JavaAppsNeeded!/java.smartcardio" type="simple" />
            <root url="jrt://D:/JavaAppsNeeded!/java.sql" type="simple" />
            <root url="jrt://D:/JavaAppsNeeded!/java.sql.rowset" type="simple" />
            <root url="jrt://D:/JavaAppsNeeded!/java.transaction.xa" type="simple" />
            <root url="jrt://D:/JavaAppsNeeded!/java.xml" type="simple" />
            <root url="jrt://D:/JavaAppsNeeded!/java.xml.crypto" type="simple" />
            <root url="jrt://D:/JavaAppsNeeded!/jdk.accessibility" type="simple" />
            <root url="jrt://D:/JavaAppsNeeded!/jdk.aot" type="simple" />
            <root url="jrt://D:/JavaAppsNeeded!/jdk.attach" type="simple" />
            <root url="jrt://D:/JavaAppsNeeded!/jdk.charsets" type="simple" />
            <root url="jrt://D:/JavaAppsNeeded!/jdk.compiler" type="simple" />
            <root url="jrt://D:/JavaAppsNeeded!/jdk.crypto.cryptoki" type="simple" />
            <root url="jrt://D:/JavaAppsNeeded!/jdk.crypto.ec" type="simple" />
            <root url="jrt://D:/JavaAppsNeeded!/jdk.crypto.mscapi" type="simple" />
            <root url="jrt://D:/JavaAppsNeeded!/jdk.dynalink" type="simple" />
            <root url="jrt://D:/JavaAppsNeeded!/jdk.editpad" type="simple" />
            <root url="jrt://D:/JavaAppsNeeded!/jdk.hotspot.agent" type="simple" />
            <root url="jrt://D:/JavaAppsNeeded!/jdk.httpserver" type="simple" />
            <root url="jrt://D:/JavaAppsNeeded!/jdk.internal.ed" type="simple" />
            <root url="jrt://D:/JavaAppsNeeded!/jdk.internal.jvmstat" type="simple" />
            <root url="jrt://D:/JavaAppsNeeded!/jdk.internal.le" type="simple" />
            <root url="jrt://D:/JavaAppsNeeded!/jdk.internal.opt" type="simple" />
            <root url="jrt://D:/JavaAppsNeeded!/jdk.internal.vm.ci" type="simple" />
            <root url="jrt://D:/JavaAppsNeeded!/jdk.internal.vm.compiler" type="simple" />
            <root url="jrt://D:/JavaAppsNeeded!/jdk.internal.vm.compiler.management" type="simple" />
            <root url="jrt://D:/JavaAppsNeeded!/jdk.jartool" type="simple" />
            <root url="jrt://D:/JavaAppsNeeded!/jdk.javadoc" type="simple" />
            <root url="jrt://D:/JavaAppsNeeded!/jdk.jcmd" type="simple" />
            <root url="jrt://D:/JavaAppsNeeded!/jdk.jconsole" type="simple" />
            <root url="jrt://D:/JavaAppsNeeded!/jdk.jdeps" type="simple" />
            <root url="jrt://D:/JavaAppsNeeded!/jdk.jdi" type="simple" />
            <root url="jrt://D:/JavaAppsNeeded!/jdk.jdwp.agent" type="simple" />
            <root url="jrt://D:/JavaAppsNeeded!/jdk.jfr" type="simple" />
            <root url="jrt://D:/JavaAppsNeeded!/jdk.jlink" type="simple" />
            <root url="jrt://D:/JavaAppsNeeded!/jdk.jshell" type="simple" />
            <root url="jrt://D:/JavaAppsNeeded!/jdk.jsobject" type="simple" />
            <root url="jrt://D:/JavaAppsNeeded!/jdk.jstatd" type="simple" />
            <root url="jrt://D:/JavaAppsNeeded!/jdk.localedata" type="simple" />
            <root url="jrt://D:/JavaAppsNeeded!/jdk.management" type="simple" />
            <root url="jrt://D:/JavaAppsNeeded!/jdk.management.agent" type="simple" />
            <root url="jrt://D:/JavaAppsNeeded!/jdk.management.jfr" type="simple" />
            <root url="jrt://D:/JavaAppsNeeded!/jdk.naming.dns" type="simple" />
            <root url="jrt://D:/JavaAppsNeeded!/jdk.naming.rmi" type="simple" />
            <root url="jrt://D:/JavaAppsNeeded!/jdk.net" type="simple" />
            <root url="jrt://D:/JavaAppsNeeded!/jdk.pack" type="simple" />
            <root url="jrt://D:/JavaAppsNeeded!/jdk.rmic" type="simple" />
            <root url="jrt://D:/JavaAppsNeeded!/jdk.scripting.nashorn" type="simple" />
            <root url="jrt://D:/JavaAppsNeeded!/jdk.scripting.nashorn.shell" type="simple" />
            <root url="jrt://D:/JavaAppsNeeded!/jdk.sctp" type="simple" />
            <root url="jrt://D:/JavaAppsNeeded!/jdk.security.auth" type="simple" />
            <root url="jrt://D:/JavaAppsNeeded!/jdk.security.jgss" type="simple" />
            <root url="jrt://D:/JavaAppsNeeded!/jdk.unsupported" type="simple" />
            <root url="jrt://D:/JavaAppsNeeded!/jdk.unsupported.desktop" type="simple" />
            <root url="jrt://D:/JavaAppsNeeded!/jdk.xml.dom" type="simple" />
            <root url="jrt://D:/JavaAppsNeeded!/jdk.zipfs" type="simple" />
          </root>
        </classPath>
        <javadocPath>
          <root type="composite" />
        </javadocPath>
        <sourcePath>
          <root type="composite">
            <root url="jar://D:/JavaAppsNeeded/lib/src.zip!/java.se" type="simple" />
            <root url="jar://D:/JavaAppsNeeded/lib/src.zip!/jdk.aot" type="simple" />
            <root url="jar://D:/JavaAppsNeeded/lib/src.zip!/jdk.jdi" type="simple" />
            <root url="jar://D:/JavaAppsNeeded/lib/src.zip!/jdk.jfr" type="simple" />
            <root url="jar://D:/JavaAppsNeeded/lib/src.zip!/jdk.net" type="simple" />
            <root url="jar://D:/JavaAppsNeeded/lib/src.zip!/java.rmi" type="simple" />
            <root url="jar://D:/JavaAppsNeeded/lib/src.zip!/java.sql" type="simple" />
            <root url="jar://D:/JavaAppsNeeded/lib/src.zip!/java.xml" type="simple" />
            <root url="jar://D:/JavaAppsNeeded/lib/src.zip!/jdk.jcmd" type="simple" />
            <root url="jar://D:/JavaAppsNeeded/lib/src.zip!/jdk.pack" type="simple" />
            <root url="jar://D:/JavaAppsNeeded/lib/src.zip!/jdk.rmic" type="simple" />
            <root url="jar://D:/JavaAppsNeeded/lib/src.zip!/jdk.sctp" type="simple" />
            <root url="jar://D:/JavaAppsNeeded/lib/src.zip!/java.base" type="simple" />
            <root url="jar://D:/JavaAppsNeeded/lib/src.zip!/jdk.jdeps" type="simple" />
            <root url="jar://D:/JavaAppsNeeded/lib/src.zip!/jdk.jlink" type="simple" />
            <root url="jar://D:/JavaAppsNeeded/lib/src.zip!/jdk.zipfs" type="simple" />
            <root url="jar://D:/JavaAppsNeeded/lib/src.zip!/java.prefs" type="simple" />
            <root url="jar://D:/JavaAppsNeeded/lib/src.zip!/jdk.attach" type="simple" />
            <root url="jar://D:/JavaAppsNeeded/lib/src.zip!/jdk.jshell" type="simple" />
            <root url="jar://D:/JavaAppsNeeded/lib/src.zip!/jdk.jstatd" type="simple" />
            <root url="jar://D:/JavaAppsNeeded/lib/src.zip!/java.naming" type="simple" />
            <root url="jar://D:/JavaAppsNeeded/lib/src.zip!/jdk.editpad" type="simple" />
            <root url="jar://D:/JavaAppsNeeded/lib/src.zip!/jdk.jartool" type="simple" />
            <root url="jar://D:/JavaAppsNeeded/lib/src.zip!/jdk.javadoc" type="simple" />
            <root url="jar://D:/JavaAppsNeeded/lib/src.zip!/jdk.xml.dom" type="simple" />
            <root url="jar://D:/JavaAppsNeeded/lib/src.zip!/java.desktop" type="simple" />
            <root url="jar://D:/JavaAppsNeeded/lib/src.zip!/java.logging" type="simple" />
            <root url="jar://D:/JavaAppsNeeded/lib/src.zip!/jdk.charsets" type="simple" />
            <root url="jar://D:/JavaAppsNeeded/lib/src.zip!/jdk.compiler" type="simple" />
            <root url="jar://D:/JavaAppsNeeded/lib/src.zip!/jdk.dynalink" type="simple" />
            <root url="jar://D:/JavaAppsNeeded/lib/src.zip!/jdk.jconsole" type="simple" />
            <root url="jar://D:/JavaAppsNeeded/lib/src.zip!/jdk.jsobject" type="simple" />
            <root url="jar://D:/JavaAppsNeeded/lib/src.zip!/java.compiler" type="simple" />
            <root url="jar://D:/JavaAppsNeeded/lib/src.zip!/java.net.http" type="simple" />
            <root url="jar://D:/JavaAppsNeeded/lib/src.zip!/jdk.crypto.ec" type="simple" />
            <root url="jar://D:/JavaAppsNeeded/lib/src.zip!/java.scripting" type="simple" />
            <root url="jar://D:/JavaAppsNeeded/lib/src.zip!/jdk.httpserver" type="simple" />
            <root url="jar://D:/JavaAppsNeeded/lib/src.zip!/jdk.jdwp.agent" type="simple" />
            <root url="jar://D:/JavaAppsNeeded/lib/src.zip!/jdk.localedata" type="simple" />
            <root url="jar://D:/JavaAppsNeeded/lib/src.zip!/jdk.management" type="simple" />
            <root url="jar://D:/JavaAppsNeeded/lib/src.zip!/jdk.naming.dns" type="simple" />
            <root url="jar://D:/JavaAppsNeeded/lib/src.zip!/jdk.naming.rmi" type="simple" />
            <root url="jar://D:/JavaAppsNeeded/lib/src.zip!/java.instrument" type="simple" />
            <root url="jar://D:/JavaAppsNeeded/lib/src.zip!/java.management" type="simple" />
            <root url="jar://D:/JavaAppsNeeded/lib/src.zip!/java.sql.rowset" type="simple" />
            <root url="jar://D:/JavaAppsNeeded/lib/src.zip!/java.xml.crypto" type="simple" />
            <root url="jar://D:/JavaAppsNeeded/lib/src.zip!/jdk.internal.ed" type="simple" />
            <root url="jar://D:/JavaAppsNeeded/lib/src.zip!/jdk.internal.le" type="simple" />
            <root url="jar://D:/JavaAppsNeeded/lib/src.zip!/jdk.unsupported" type="simple" />
            <root url="jar://D:/JavaAppsNeeded/lib/src.zip!/java.smartcardio" type="simple" />
            <root url="jar://D:/JavaAppsNeeded/lib/src.zip!/jdk.internal.opt" type="simple" />
            <root url="jar://D:/JavaAppsNeeded/lib/src.zip!/java.datatransfer" type="simple" />
            <root url="jar://D:/JavaAppsNeeded/lib/src.zip!/jdk.accessibility" type="simple" />
            <root url="jar://D:/JavaAppsNeeded/lib/src.zip!/jdk.crypto.mscapi" type="simple" />
            <root url="jar://D:/JavaAppsNeeded/lib/src.zip!/jdk.hotspot.agent" type="simple" />
            <root url="jar://D:/JavaAppsNeeded/lib/src.zip!/jdk.security.auth" type="simple" />
            <root url="jar://D:/JavaAppsNeeded/lib/src.zip!/jdk.security.jgss" type="simple" />
            <root url="jar://D:/JavaAppsNeeded/lib/src.zip!/java.security.jgss" type="simple" />
            <root url="jar://D:/JavaAppsNeeded/lib/src.zip!/java.security.sasl" type="simple" />
            <root url="jar://D:/JavaAppsNeeded/lib/src.zip!/jdk.internal.vm.ci" type="simple" />
            <root url="jar://D:/JavaAppsNeeded/lib/src.zip!/jdk.management.jfr" type="simple" />
            <root url="jar://D:/JavaAppsNeeded/lib/src.zip!/java.management.rmi" type="simple" />
            <root url="jar://D:/JavaAppsNeeded/lib/src.zip!/java.transaction.xa" type="simple" />
            <root url="jar://D:/JavaAppsNeeded/lib/src.zip!/jdk.crypto.cryptoki" type="simple" />
            <root url="jar://D:/JavaAppsNeeded/lib/src.zip!/jdk.internal.jvmstat" type="simple" />
            <root url="jar://D:/JavaAppsNeeded/lib/src.zip!/jdk.management.agent" type="simple" />
            <root url="jar://D:/JavaAppsNeeded/lib/src.zip!/jdk.scripting.nashorn" type="simple" />
            <root url="jar://D:/JavaAppsNeeded/lib/src.zip!/jdk.unsupported.desktop" type="simple" />
            <root url="jar://D:/JavaAppsNeeded/lib/src.zip!/jdk.internal.vm.compiler" type="simple" />
            <root url="jar://D:/JavaAppsNeeded/lib/src.zip!/jdk.scripting.nashorn.shell" type="simple" />
            <root url="jar://D:/JavaAppsNeeded/lib/src.zip!/jdk.internal.vm.compiler.management" type="simple" />
          </root>
        </sourcePath>
      </roots>
      <additional />
    </jdk>
    <jdk version="2">
      <name value="Android API 28 Platform" />
      <type value="Android SDK" />
      <version value="version 11" />
      <homePath value="D:/AndroidSDK" />
      <roots>
        <annotationsPath>
          <root type="composite">
            <root url="jar://D:/AndroidSDK/platforms/android-28/data/annotations.zip!/" type="simple" />
          </root>
        </annotationsPath>
        <classPath>
          <root type="composite">
            <root url="jar://D:/AndroidSDK/platforms/android-28/android.jar!/" type="simple" />
            <root url="file://D:/AndroidSDK/platforms/android-28/data/res" type="simple" />
          </root>
        </classPath>
        <javadocPath>
          <root type="composite" />
        </javadocPath>
        <sourcePath>
          <root type="composite">
            <root url="file://D:/AndroidSDK/sources/android-28" type="simple" />
          </root>
        </sourcePath>
      </roots>
      <additional jdk="11" sdk="android-28" />
    </jdk>
    <jdk version="2">
      <name value="Android API 30 Platform" />
      <type value="Android SDK" />
      <version value="version 11" />
      <homePath value="D:/AndroidSDK" />
      <roots>
        <annotationsPath>
          <root type="composite">
            <root url="jar://D:/AndroidSDK/platforms/android-30/data/annotations.zip!/" type="simple" />
          </root>
        </annotationsPath>
        <classPath>
          <root type="composite">
            <root url="jar://D:/AndroidSDK/platforms/android-30/android.jar!/" type="simple" />
            <root url="file://D:/AndroidSDK/platforms/android-30/data/res" type="simple" />
          </root>
        </classPath>
        <javadocPath>
          <root type="composite">
            <root url="http://developer.android.com/reference/" type="simple" />
          </root>
        </javadocPath>
        <sourcePath>
          <root type="composite" />
        </sourcePath>
      </roots>
      <additional jdk="11" sdk="android-30" />
    </jdk>
    <jdk version="2">
      <name value="corretto-1.8" />
      <type value="JavaSDK" />
      <version value="version 1.8.0_292" />
      <homePath value="D:/Jdk" />
      <roots>
        <annotationsPath>
          <root type="composite">
            <root url="jar://$APPLICATION_HOME_DIR$/plugins/java/lib/jdkAnnotations.jar!/" type="simple" />
          </root>
        </annotationsPath>
        <classPath>
          <root type="composite">
            <root url="jar://D:/Jdk/jre/lib/charsets.jar!/" type="simple" />
            <root url="jar://D:/Jdk/jre/lib/ext/access-bridge-64.jar!/" type="simple" />
            <root url="jar://D:/Jdk/jre/lib/ext/cldrdata.jar!/" type="simple" />
            <root url="jar://D:/Jdk/jre/lib/ext/dnsns.jar!/" type="simple" />
            <root url="jar://D:/Jdk/jre/lib/ext/jaccess.jar!/" type="simple" />
            <root url="jar://D:/Jdk/jre/lib/ext/jfxrt.jar!/" type="simple" />
            <root url="jar://D:/Jdk/jre/lib/ext/localedata.jar!/" type="simple" />
            <root url="jar://D:/Jdk/jre/lib/ext/nashorn.jar!/" type="simple" />
            <root url="jar://D:/Jdk/jre/lib/ext/sunec.jar!/" type="simple" />
            <root url="jar://D:/Jdk/jre/lib/ext/sunjce_provider.jar!/" type="simple" />
            <root url="jar://D:/Jdk/jre/lib/ext/sunmscapi.jar!/" type="simple" />
            <root url="jar://D:/Jdk/jre/lib/ext/sunpkcs11.jar!/" type="simple" />
            <root url="jar://D:/Jdk/jre/lib/ext/zipfs.jar!/" type="simple" />
            <root url="jar://D:/Jdk/jre/lib/jce.jar!/" type="simple" />
            <root url="jar://D:/Jdk/jre/lib/jfr.jar!/" type="simple" />
            <root url="jar://D:/Jdk/jre/lib/jfxswt.jar!/" type="simple" />
            <root url="jar://D:/Jdk/jre/lib/jsse.jar!/" type="simple" />
            <root url="jar://D:/Jdk/jre/lib/management-agent.jar!/" type="simple" />
            <root url="jar://D:/Jdk/jre/lib/resources.jar!/" type="simple" />
            <root url="jar://D:/Jdk/jre/lib/rt.jar!/" type="simple" />
          </root>
        </classPath>
        <javadocPath>
          <root type="composite">
            <root url="https://docs.oracle.com/javase/8/docs/api/" type="simple" />
          </root>
        </javadocPath>
        <sourcePath>
          <root type="composite" />
        </sourcePath>
      </roots>
      <additional />
    </jdk>
    <jdk version="2">
      <name value="1.8" />
      <type value="JavaSDK" />
      <version value="version 1.8.0_202" />
      <homePath value="D:\App\jdk" />
      <roots>
        <annotationsPath>
          <root type="composite">
            <root url="jar://$APPLICATION_HOME_DIR$/plugins/java/lib/jdkAnnotations.jar!/" type="simple" />
          </root>
        </annotationsPath>
        <classPath>
          <root type="composite">
            <root url="jar://D:/App/jdk/jre/lib/charsets.jar!/" type="simple" />
            <root url="jar://D:/App/jdk/jre/lib/deploy.jar!/" type="simple" />
            <root url="jar://D:/App/jdk/jre/lib/ext/access-bridge-64.jar!/" type="simple" />
            <root url="jar://D:/App/jdk/jre/lib/ext/cldrdata.jar!/" type="simple" />
            <root url="jar://D:/App/jdk/jre/lib/ext/dnsns.jar!/" type="simple" />
            <root url="jar://D:/App/jdk/jre/lib/ext/jaccess.jar!/" type="simple" />
            <root url="jar://D:/App/jdk/jre/lib/ext/jfxrt.jar!/" type="simple" />
            <root url="jar://D:/App/jdk/jre/lib/ext/localedata.jar!/" type="simple" />
            <root url="jar://D:/App/jdk/jre/lib/ext/nashorn.jar!/" type="simple" />
            <root url="jar://D:/App/jdk/jre/lib/ext/sunec.jar!/" type="simple" />
            <root url="jar://D:/App/jdk/jre/lib/ext/sunjce_provider.jar!/" type="simple" />
            <root url="jar://D:/App/jdk/jre/lib/ext/sunmscapi.jar!/" type="simple" />
            <root url="jar://D:/App/jdk/jre/lib/ext/sunpkcs11.jar!/" type="simple" />
            <root url="jar://D:/App/jdk/jre/lib/ext/zipfs.jar!/" type="simple" />
            <root url="jar://D:/App/jdk/jre/lib/javaws.jar!/" type="simple" />
            <root url="jar://D:/App/jdk/jre/lib/jce.jar!/" type="simple" />
            <root url="jar://D:/App/jdk/jre/lib/jfr.jar!/" type="simple" />
            <root url="jar://D:/App/jdk/jre/lib/jfxswt.jar!/" type="simple" />
            <root url="jar://D:/App/jdk/jre/lib/jsse.jar!/" type="simple" />
            <root url="jar://D:/App/jdk/jre/lib/management-agent.jar!/" type="simple" />
            <root url="jar://D:/App/jdk/jre/lib/plugin.jar!/" type="simple" />
            <root url="jar://D:/App/jdk/jre/lib/resources.jar!/" type="simple" />
            <root url="jar://D:/App/jdk/jre/lib/rt.jar!/" type="simple" />
            <root url="jar://D:/Jdk/jre/lib/charsets.jar!/" type="simple" />
            <root url="jar://D:/Jdk/jre/lib/ext/access-bridge-64.jar!/" type="simple" />
            <root url="jar://D:/Jdk/jre/lib/ext/cldrdata.jar!/" type="simple" />
            <root url="jar://D:/Jdk/jre/lib/ext/dnsns.jar!/" type="simple" />
            <root url="jar://D:/Jdk/jre/lib/ext/jaccess.jar!/" type="simple" />
            <root url="jar://D:/Jdk/jre/lib/ext/jfxrt.jar!/" type="simple" />
            <root url="jar://D:/Jdk/jre/lib/ext/localedata.jar!/" type="simple" />
            <root url="jar://D:/Jdk/jre/lib/ext/nashorn.jar!/" type="simple" />
            <root url="jar://D:/Jdk/jre/lib/ext/sunec.jar!/" type="simple" />
            <root url="jar://D:/Jdk/jre/lib/ext/sunjce_provider.jar!/" type="simple" />
            <root url="jar://D:/Jdk/jre/lib/ext/sunmscapi.jar!/" type="simple" />
            <root url="jar://D:/Jdk/jre/lib/ext/sunpkcs11.jar!/" type="simple" />
            <root url="jar://D:/Jdk/jre/lib/ext/zipfs.jar!/" type="simple" />
            <root url="jar://D:/Jdk/jre/lib/jce.jar!/" type="simple" />
            <root url="jar://D:/Jdk/jre/lib/jfr.jar!/" type="simple" />
            <root url="jar://D:/Jdk/jre/lib/jfxswt.jar!/" type="simple" />
            <root url="jar://D:/Jdk/jre/lib/jsse.jar!/" type="simple" />
            <root url="jar://D:/Jdk/jre/lib/management-agent.jar!/" type="simple" />
            <root url="jar://D:/Jdk/jre/lib/resources.jar!/" type="simple" />
            <root url="jar://D:/Jdk/jre/lib/rt.jar!/" type="simple" />
          </root>
        </classPath>
        <javadocPath>
          <root type="composite" />
        </javadocPath>
        <sourcePath>
          <root type="composite">
            <root url="jar://D:/Jdk/src.zip!/" type="simple" />
            <root url="jar://D:/Jdk/javafx-src.zip!/" type="simple" />
            <root url="jar://D:/App/jdk/src.zip!/" type="simple" />
            <root url="jar://D:/App/jdk/javafx-src.zip!/" type="simple" />
          </root>
        </sourcePath>
      </roots>
      <additional />
    </jdk>
  </component>
</application>