<application>
  <component name="AppStorage">
    <option name="newTranslationDialogHeight" value="446" />
    <option name="newTranslationDialogWidth" value="785" />
    <option name="newTranslationDialogX" value="570" />
    <option name="newTranslationDialogY" value="390" />
    <histories>
      <item value="period" />
      <item value="limit Count" />
      <item value="limit Period" />
      <item value="根據事件之key綁定的對象開新線程" />
      <item value="主从" />
      <item value="zhucong" />
      <item value="zhu" />
      <item value="通過key改變通道註冊的事件" />
      <item value="設置線程池最大線程數" />
      <item value="初始狀態設定為READING" />
      <item value="以狀態模式實現Handler" />
      <item value="使一個阻塞住的selector操作立即返回" />
      <item value="改變狀態" />
      <item value="改變狀態(SENDING-&gt;READING)" />
      <item value="wrap自動把buf的position設為0，所以不需要再flip()" />
      <item value="回傳給client回應字符串，發送buf的position位置 到limit位置為止之間的內容" />
      <item value="and therefore may block briefly if invoked concurrently with a cancellation or selection operation involving the same selector. &lt;p&gt;" />
      <item value="briefly" />
      <item value="Requests that the registration of this key's channel with its selector be cancelled. Upon return the key will be invalid and will have been added to its selector's cancelled-key set. The key will be removed from all of the selector's key sets during the next selection operation." />
      <item value="Selects a set of keys whose corresponding channels are ready for IO operations." />
      <item value="retain" />
      <item value="add Middleware" />
      <item value="Http Object Aggregator" />
      <item value="MIPS" />
      <item value="cloudlet" />
      <item value="垂直" />
      <item value="mutate" />
      <item value="precedence" />
      <item value="prec" />
      <item value="pre" />
      <item value="p're" />
      <item value="HIGHEST PRECEDENCE" />
      <item value="HIGHEST_PRECEDENCE" />
      <item value="Object factory for any Resource conforming to the JavaBean spec." />
      <item value="portfolio" />
      <item value="missing semester" />
      <item value="missing semeste" />
      <item value="miss" />
      <item value="完善" />
      <item value="频道" />
      <item value="区域" />
      <item value="职业病增长速度" />
      <item value="增长速度" />
      <item value="增粘速度" />
      <item value="Prevalence" />
      <item value="患病率Prevalence" />
      <item value="患病率" />
      <item value="huan'bing'lü" />
      <item value="累计" />
      <item value="shelve" />
    </histories>
    <option name="languageScores">
      <map>
        <entry key="CHINESE" value="667" />
        <entry key="ENGLISH" value="605" />
        <entry key="CHINESE_TRADITIONAL" value="5" />
      </map>
    </option>
  </component>
  <component name="Cache">
    <option name="lastTrimTime" value="1652250529733" />
  </component>
</application>